-- phpMyAdmin SQL Dump
-- version 5.2.1
-- https://www.phpmyadmin.net/
--
-- Host: 127.0.0.1
-- Generation Time: Jan 08, 2024 at 02:16 AM
-- Server version: 10.4.32-MariaDB
-- PHP Version: 8.2.12

SET SQL_MODE = "NO_AUTO_VALUE_ON_ZERO";
START TRANSACTION;
SET time_zone = "+00:00";


/*!40101 SET @OLD_CHARACTER_SET_CLIENT=@@CHARACTER_SET_CLIENT */;
/*!40101 SET @OLD_CHARACTER_SET_RESULTS=@@CHARACTER_SET_RESULTS */;
/*!40101 SET @OLD_COLLATION_CONNECTION=@@COLLATION_CONNECTION */;
/*!40101 SET NAMES utf8mb4 */;

--
-- Database: `perpus`
--

-- --------------------------------------------------------

--
-- Table structure for table `buku`
--

CREATE TABLE `buku` (
  `id` bigint(20) UNSIGNED NOT NULL,
  `judul` varchar(255) NOT NULL,
  `slug` varchar(255) NOT NULL,
  `sampul` varchar(255) NOT NULL,
  `penulis` varchar(255) NOT NULL,
  `penerbit_id` bigint(20) UNSIGNED NOT NULL,
  `kategori_id` bigint(20) UNSIGNED NOT NULL,
  `rak_id` bigint(20) UNSIGNED NOT NULL,
  `stok` int(11) NOT NULL,
  `created_at` timestamp NULL DEFAULT NULL,
  `updated_at` timestamp NULL DEFAULT NULL
) ENGINE=InnoDB DEFAULT CHARSET=utf8mb4 COLLATE=utf8mb4_unicode_ci;

--
-- Dumping data for table `buku`
--

INSERT INTO `buku` (`id`, `judul`, `slug`, `sampul`, `penulis`, `penerbit_id`, `kategori_id`, `rak_id`, `stok`, `created_at`, `updated_at`) VALUES
(1, 'Bintang', 'bintang', 'buku/Sampul_novel_Bintang.jpeg', 'Tere liye', 2, 2, 2, 10, '2024-01-05 03:10:39', '2024-01-05 03:10:39'),
(2, 'Matahari', 'matahari', 'buku/Sampul_novel_Matahari.jpeg', 'Tere liye', 3, 2, 3, 10, '2024-01-05 03:10:39', '2024-01-05 03:10:39'),
(3, 'Tentang kamu', 'tentang-kamu', 'buku/Tentang_Kamu_sampul.jpeg', 'Tere liye', 2, 2, 4, 10, '2024-01-05 03:10:39', '2024-01-05 03:10:39'),
(4, 'Gusdur', 'gusdur', 'buku/gusdur.jpg', 'Greg borton', 2, 3, 7, 11, '2024-01-05 03:10:39', '2024-01-07 05:08:56'),
(5, 'Habibie', 'habibie', 'buku/habibie.jpg', 'Raden toto sugiharto', 2, 3, 8, 11, '2024-01-05 03:10:39', '2024-01-07 05:08:56'),
(6, 'Naruto volume 58', 'naruto-volume-58', 'buku/naruto-58.jpg', 'Masashi kishimoto', 3, 6, 12, 10, '2024-01-05 03:10:39', '2024-01-05 03:10:39'),
(7, 'Naruto volume 71', 'naruto-volume-71', 'buku/naruto-71.jpg', 'Masashi kishimoto', 3, 6, 13, 10, '2024-01-05 03:10:39', '2024-01-05 03:10:39');

-- --------------------------------------------------------

--
-- Table structure for table `detail_peminjaman`
--

CREATE TABLE `detail_peminjaman` (
  `id` bigint(20) UNSIGNED NOT NULL,
  `peminjaman_id` bigint(20) UNSIGNED NOT NULL,
  `buku_id` bigint(20) UNSIGNED NOT NULL,
  `created_at` timestamp NULL DEFAULT NULL,
  `updated_at` timestamp NULL DEFAULT NULL
) ENGINE=InnoDB DEFAULT CHARSET=utf8mb4 COLLATE=utf8mb4_unicode_ci;

--
-- Dumping data for table `detail_peminjaman`
--

INSERT INTO `detail_peminjaman` (`id`, `peminjaman_id`, `buku_id`, `created_at`, `updated_at`) VALUES
(1, 1, 1, '2024-01-05 03:10:39', '2024-01-05 03:10:39'),
(2, 1, 2, '2024-01-05 03:10:39', '2024-01-05 03:10:39'),
(3, 2, 4, '2024-01-05 03:10:39', '2024-01-05 03:10:39'),
(4, 2, 5, '2024-01-05 03:10:39', '2024-01-05 03:10:39'),
(5, 3, 6, '2024-01-05 03:10:39', '2024-01-05 03:10:39'),
(6, 3, 7, '2024-01-05 03:10:39', '2024-01-05 03:10:39'),
(7, 4, 3, '2024-01-05 03:10:39', '2024-01-05 03:10:39'),
(8, 5, 3, '2024-01-05 03:10:39', '2024-01-05 03:10:39'),
(9, 6, 5, '2024-01-05 03:10:39', '2024-01-05 03:10:39'),
(10, 7, 7, '2024-01-05 03:10:39', '2024-01-05 03:10:39'),
(11, 8, 7, '2024-01-05 03:10:40', '2024-01-05 03:10:40'),
(12, 9, 3, '2024-01-05 03:10:40', '2024-01-05 03:10:40'),
(13, 10, 5, '2024-01-05 03:10:40', '2024-01-05 03:10:40'),
(14, 11, 1, '2024-01-05 03:10:40', '2024-01-05 03:10:40'),
(15, 12, 2, '2024-01-05 03:10:40', '2024-01-05 03:10:40'),
(16, 13, 1, '2024-01-05 03:10:40', '2024-01-05 03:10:40'),
(17, 14, 5, '2024-01-05 03:10:40', '2024-01-05 03:10:40'),
(18, 15, 1, '2024-01-05 03:10:40', '2024-01-05 03:10:40'),
(19, 16, 2, '2024-01-05 03:10:40', '2024-01-05 03:10:40'),
(20, 17, 5, '2024-01-05 03:10:40', '2024-01-05 03:10:40'),
(21, 18, 4, '2024-01-05 03:10:40', '2024-01-05 03:10:40'),
(22, 19, 6, '2024-01-05 03:10:40', '2024-01-05 03:10:40'),
(23, 20, 6, '2024-01-05 03:10:40', '2024-01-05 03:10:40'),
(24, 21, 4, '2024-01-05 03:10:40', '2024-01-05 03:10:40'),
(25, 22, 2, '2024-01-05 03:10:40', '2024-01-05 03:10:40'),
(26, 23, 7, '2024-01-05 03:10:40', '2024-01-05 03:10:40'),
(27, 24, 5, '2024-01-05 03:10:41', '2024-01-05 03:10:41'),
(28, 25, 1, '2024-01-05 03:10:41', '2024-01-05 03:10:41'),
(29, 26, 7, '2024-01-05 03:10:41', '2024-01-05 03:10:41'),
(30, 27, 1, '2024-01-05 03:10:41', '2024-01-05 03:10:41'),
(31, 28, 6, '2024-01-05 03:10:41', '2024-01-05 03:10:41'),
(32, 29, 1, '2024-01-05 03:10:41', '2024-01-05 03:10:41'),
(33, 30, 6, '2024-01-05 03:10:41', '2024-01-05 03:10:41'),
(34, 31, 1, '2024-01-05 03:10:41', '2024-01-05 03:10:41'),
(35, 32, 4, '2024-01-05 03:10:41', '2024-01-05 03:10:41'),
(36, 33, 3, '2024-01-05 03:10:41', '2024-01-05 03:10:41'),
(37, 34, 5, '2024-01-05 03:10:41', '2024-01-05 03:10:41'),
(38, 35, 2, '2024-01-05 03:10:41', '2024-01-05 03:10:41'),
(39, 36, 1, '2024-01-05 03:10:41', '2024-01-05 03:10:41'),
(40, 37, 5, '2024-01-05 03:10:41', '2024-01-05 03:10:41'),
(41, 38, 7, '2024-01-05 03:10:41', '2024-01-05 03:10:41'),
(42, 39, 1, '2024-01-05 03:10:41', '2024-01-05 03:10:41'),
(43, 40, 6, '2024-01-05 03:10:42', '2024-01-05 03:10:42'),
(44, 41, 3, '2024-01-05 03:10:42', '2024-01-05 03:10:42'),
(45, 42, 6, '2024-01-05 03:10:42', '2024-01-05 03:10:42'),
(46, 43, 4, '2024-01-05 03:10:42', '2024-01-05 03:10:42'),
(47, 44, 6, '2024-01-05 03:10:42', '2024-01-05 03:10:42'),
(48, 45, 2, '2024-01-05 03:10:42', '2024-01-05 03:10:42'),
(49, 46, 3, '2024-01-05 03:10:42', '2024-01-05 03:10:42'),
(50, 47, 3, '2024-01-05 03:10:42', '2024-01-05 03:10:42'),
(51, 48, 2, '2024-01-05 03:10:42', '2024-01-05 03:10:42'),
(52, 49, 4, '2024-01-05 03:10:42', '2024-01-05 03:10:42'),
(53, 50, 4, '2024-01-05 03:10:42', '2024-01-05 03:10:42'),
(54, 51, 5, '2024-01-05 03:10:42', '2024-01-05 03:10:42'),
(55, 52, 7, '2024-01-05 03:10:42', '2024-01-05 03:10:42'),
(56, 53, 3, '2024-01-05 03:10:42', '2024-01-05 03:10:42'),
(57, 54, 6, '2024-01-05 03:10:42', '2024-01-05 03:10:42'),
(58, 55, 2, '2024-01-05 03:10:42', '2024-01-05 03:10:42'),
(59, 56, 3, '2024-01-05 03:10:42', '2024-01-05 03:10:42'),
(60, 57, 6, '2024-01-05 03:10:43', '2024-01-05 03:10:43'),
(61, 58, 5, '2024-01-05 03:10:43', '2024-01-05 03:10:43'),
(62, 59, 5, '2024-01-05 03:10:43', '2024-01-05 03:10:43'),
(63, 60, 5, '2024-01-05 03:10:43', '2024-01-05 03:10:43'),
(64, 61, 2, '2024-01-05 03:10:43', '2024-01-05 03:10:43'),
(65, 62, 4, '2024-01-05 03:10:43', '2024-01-05 03:10:43'),
(66, 63, 5, '2024-01-05 03:10:43', '2024-01-05 03:10:43'),
(67, 64, 5, '2024-01-05 03:10:43', '2024-01-05 03:10:43'),
(68, 65, 3, '2024-01-05 03:10:43', '2024-01-05 03:10:43'),
(69, 66, 2, '2024-01-05 03:10:43', '2024-01-05 03:10:43'),
(70, 67, 1, '2024-01-05 03:10:43', '2024-01-05 03:10:43'),
(71, 68, 3, '2024-01-05 03:10:43', '2024-01-05 03:10:43'),
(72, 69, 7, '2024-01-05 03:10:43', '2024-01-05 03:10:43'),
(73, 70, 3, '2024-01-05 03:10:43', '2024-01-05 03:10:43'),
(74, 71, 5, '2024-01-05 03:10:43', '2024-01-05 03:10:43'),
(75, 72, 7, '2024-01-05 03:10:43', '2024-01-05 03:10:43'),
(76, 73, 2, '2024-01-05 03:10:44', '2024-01-05 03:10:44'),
(77, 74, 6, '2024-01-05 03:10:44', '2024-01-05 03:10:44'),
(78, 75, 6, '2024-01-05 03:10:44', '2024-01-05 03:10:44'),
(79, 76, 7, '2024-01-05 03:10:44', '2024-01-05 03:10:44'),
(80, 77, 6, '2024-01-05 03:10:44', '2024-01-05 03:10:44'),
(81, 78, 3, '2024-01-05 03:10:44', '2024-01-05 03:10:44'),
(82, 79, 1, '2024-01-05 03:10:44', '2024-01-05 03:10:44'),
(83, 80, 2, '2024-01-05 03:10:44', '2024-01-05 03:10:44'),
(84, 81, 6, '2024-01-05 03:10:44', '2024-01-05 03:10:44'),
(85, 82, 3, '2024-01-05 03:10:44', '2024-01-05 03:10:44'),
(86, 83, 5, '2024-01-05 03:10:44', '2024-01-05 03:10:44'),
(87, 84, 2, '2024-01-05 03:10:44', '2024-01-05 03:10:44'),
(88, 85, 3, '2024-01-05 03:10:44', '2024-01-05 03:10:44'),
(89, 86, 2, '2024-01-05 03:10:44', '2024-01-05 03:10:44'),
(90, 87, 6, '2024-01-05 03:10:44', '2024-01-05 03:10:44'),
(91, 88, 3, '2024-01-05 03:10:44', '2024-01-05 03:10:44'),
(92, 89, 7, '2024-01-05 03:10:45', '2024-01-05 03:10:45'),
(93, 90, 6, '2024-01-05 03:10:45', '2024-01-05 03:10:45'),
(94, 91, 4, '2024-01-05 03:10:45', '2024-01-05 03:10:45'),
(95, 92, 2, '2024-01-05 03:10:45', '2024-01-05 03:10:45'),
(96, 93, 1, '2024-01-05 03:10:45', '2024-01-05 03:10:45'),
(97, 94, 1, '2024-01-05 03:10:45', '2024-01-05 03:10:45'),
(98, 95, 2, '2024-01-05 03:10:45', '2024-01-05 03:10:45'),
(99, 96, 3, '2024-01-05 03:10:45', '2024-01-05 03:10:45'),
(100, 97, 7, '2024-01-05 03:10:45', '2024-01-05 03:10:45'),
(101, 98, 4, '2024-01-05 03:10:45', '2024-01-05 03:10:45'),
(102, 99, 5, '2024-01-05 03:10:45', '2024-01-05 03:10:45'),
(103, 100, 2, '2024-01-05 03:10:45', '2024-01-05 03:10:45'),
(104, 101, 4, '2024-01-05 03:10:45', '2024-01-05 03:10:45'),
(105, 102, 5, '2024-01-05 03:10:45', '2024-01-05 03:10:45'),
(106, 103, 5, '2024-01-05 03:10:45', '2024-01-05 03:10:45'),
(107, 104, 6, '2024-01-05 03:10:45', '2024-01-05 03:10:45'),
(108, 105, 4, '2024-01-05 03:10:46', '2024-01-05 03:10:46'),
(109, 106, 2, '2024-01-05 03:10:46', '2024-01-05 03:10:46'),
(110, 107, 3, '2024-01-05 03:10:46', '2024-01-05 03:10:46'),
(111, 108, 3, '2024-01-05 03:10:46', '2024-01-05 03:10:46'),
(112, 109, 2, '2024-01-05 03:10:46', '2024-01-05 03:10:46'),
(113, 110, 7, '2024-01-05 03:10:46', '2024-01-05 03:10:46'),
(114, 111, 5, '2024-01-05 03:10:46', '2024-01-05 03:10:46'),
(115, 112, 2, '2024-01-05 03:10:46', '2024-01-05 03:10:46'),
(116, 113, 6, '2024-01-05 03:10:46', '2024-01-05 03:10:46'),
(117, 114, 7, '2024-01-05 03:10:46', '2024-01-05 03:10:46'),
(118, 115, 6, '2024-01-05 03:10:46', '2024-01-05 03:10:46'),
(119, 116, 1, '2024-01-05 03:10:46', '2024-01-05 03:10:46'),
(120, 117, 3, '2024-01-05 03:10:46', '2024-01-05 03:10:46'),
(121, 118, 4, '2024-01-05 03:10:46', '2024-01-05 03:10:46'),
(122, 119, 2, '2024-01-05 03:10:46', '2024-01-05 03:10:46'),
(123, 120, 4, '2024-01-05 03:10:46', '2024-01-05 03:10:46'),
(124, 121, 4, '2024-01-05 03:10:47', '2024-01-05 03:10:47'),
(125, 122, 7, '2024-01-05 03:10:47', '2024-01-05 03:10:47'),
(126, 123, 1, '2024-01-05 03:10:47', '2024-01-05 03:10:47'),
(127, 124, 6, '2024-01-05 03:10:47', '2024-01-05 03:10:47'),
(128, 125, 5, '2024-01-05 03:10:47', '2024-01-05 03:10:47'),
(129, 126, 1, '2024-01-05 03:10:47', '2024-01-05 03:10:47'),
(130, 127, 2, '2024-01-05 03:10:47', '2024-01-05 03:10:47'),
(131, 128, 5, '2024-01-05 03:10:47', '2024-01-05 03:10:47'),
(132, 129, 1, '2024-01-05 03:10:47', '2024-01-05 03:10:47'),
(133, 130, 2, '2024-01-05 03:10:47', '2024-01-05 03:10:47'),
(134, 131, 5, '2024-01-05 03:10:47', '2024-01-05 03:10:47'),
(135, 132, 7, '2024-01-05 03:10:47', '2024-01-05 03:10:47'),
(136, 133, 6, '2024-01-05 03:10:47', '2024-01-05 03:10:47'),
(137, 134, 3, '2024-01-05 03:10:47', '2024-01-05 03:10:47'),
(138, 135, 7, '2024-01-05 03:10:47', '2024-01-05 03:10:47'),
(139, 136, 4, '2024-01-05 03:10:47', '2024-01-05 03:10:47'),
(140, 137, 4, '2024-01-05 03:10:47', '2024-01-05 03:10:47'),
(141, 138, 3, '2024-01-05 03:10:48', '2024-01-05 03:10:48'),
(142, 139, 6, '2024-01-05 03:10:48', '2024-01-05 03:10:48'),
(143, 140, 7, '2024-01-05 03:10:48', '2024-01-05 03:10:48'),
(144, 141, 6, '2024-01-05 03:10:48', '2024-01-05 03:10:48'),
(145, 142, 1, '2024-01-05 03:10:48', '2024-01-05 03:10:48'),
(146, 143, 4, '2024-01-05 03:10:48', '2024-01-05 03:10:48'),
(147, 144, 4, '2024-01-05 03:10:48', '2024-01-05 03:10:48'),
(148, 145, 7, '2024-01-05 03:10:48', '2024-01-05 03:10:48'),
(149, 146, 3, '2024-01-05 03:10:48', '2024-01-05 03:10:48'),
(150, 147, 1, '2024-01-05 03:10:48', '2024-01-05 03:10:48'),
(151, 148, 6, '2024-01-05 03:10:48', '2024-01-05 03:10:48'),
(152, 149, 2, '2024-01-05 03:10:48', '2024-01-05 03:10:48'),
(153, 150, 7, '2024-01-05 03:10:48', '2024-01-05 03:10:48'),
(154, 151, 2, '2024-01-05 03:10:48', '2024-01-05 03:10:48'),
(155, 152, 3, '2024-01-05 03:10:48', '2024-01-05 03:10:48'),
(156, 153, 4, '2024-01-05 03:10:48', '2024-01-05 03:10:48'),
(157, 154, 6, '2024-01-05 03:10:49', '2024-01-05 03:10:49'),
(158, 155, 1, '2024-01-05 03:10:49', '2024-01-05 03:10:49'),
(159, 156, 2, '2024-01-05 03:10:49', '2024-01-05 03:10:49'),
(160, 157, 6, '2024-01-05 03:10:49', '2024-01-05 03:10:49'),
(161, 158, 2, '2024-01-05 03:10:49', '2024-01-05 03:10:49'),
(162, 159, 4, '2024-01-05 03:10:49', '2024-01-05 03:10:49'),
(163, 160, 2, '2024-01-05 03:10:49', '2024-01-05 03:10:49'),
(164, 161, 7, '2024-01-05 03:10:49', '2024-01-05 03:10:49'),
(165, 162, 7, '2024-01-05 03:10:49', '2024-01-05 03:10:49'),
(166, 163, 1, '2024-01-05 03:10:49', '2024-01-05 03:10:49'),
(167, 164, 7, '2024-01-05 03:10:49', '2024-01-05 03:10:49'),
(168, 165, 1, '2024-01-05 03:10:49', '2024-01-05 03:10:49'),
(169, 166, 6, '2024-01-05 03:10:49', '2024-01-05 03:10:49'),
(170, 167, 6, '2024-01-05 03:10:49', '2024-01-05 03:10:49'),
(171, 168, 1, '2024-01-05 03:10:49', '2024-01-05 03:10:49'),
(172, 169, 2, '2024-01-05 03:10:49', '2024-01-05 03:10:49'),
(173, 170, 6, '2024-01-05 03:10:50', '2024-01-05 03:10:50'),
(174, 171, 2, '2024-01-05 03:10:50', '2024-01-05 03:10:50'),
(175, 172, 5, '2024-01-05 03:10:50', '2024-01-05 03:10:50'),
(176, 173, 2, '2024-01-05 03:10:50', '2024-01-05 03:10:50'),
(177, 174, 7, '2024-01-05 03:10:50', '2024-01-05 03:10:50'),
(178, 175, 3, '2024-01-05 03:10:50', '2024-01-05 03:10:50'),
(179, 176, 2, '2024-01-05 03:10:50', '2024-01-05 03:10:50'),
(180, 177, 3, '2024-01-05 03:10:50', '2024-01-05 03:10:50'),
(181, 178, 2, '2024-01-05 03:10:50', '2024-01-05 03:10:50'),
(182, 179, 5, '2024-01-05 03:10:50', '2024-01-05 03:10:50'),
(183, 180, 1, '2024-01-05 03:10:50', '2024-01-05 03:10:50'),
(184, 181, 2, '2024-01-05 03:10:50', '2024-01-05 03:10:50'),
(185, 182, 7, '2024-01-05 03:10:50', '2024-01-05 03:10:50'),
(186, 183, 3, '2024-01-05 03:10:50', '2024-01-05 03:10:50'),
(187, 184, 6, '2024-01-05 03:10:50', '2024-01-05 03:10:50'),
(188, 185, 4, '2024-01-05 03:10:50', '2024-01-05 03:10:50'),
(189, 186, 1, '2024-01-05 03:10:50', '2024-01-05 03:10:50'),
(190, 187, 2, '2024-01-05 03:10:51', '2024-01-05 03:10:51'),
(191, 188, 6, '2024-01-05 03:10:51', '2024-01-05 03:10:51'),
(192, 189, 4, '2024-01-05 03:10:51', '2024-01-05 03:10:51'),
(193, 190, 7, '2024-01-05 03:10:51', '2024-01-05 03:10:51'),
(194, 191, 1, '2024-01-05 03:10:51', '2024-01-05 03:10:51'),
(195, 192, 1, '2024-01-05 03:10:51', '2024-01-05 03:10:51'),
(196, 193, 4, '2024-01-05 03:10:51', '2024-01-05 03:10:51'),
(197, 194, 6, '2024-01-05 03:10:51', '2024-01-05 03:10:51'),
(198, 195, 5, '2024-01-05 03:10:51', '2024-01-05 03:10:51'),
(199, 196, 2, '2024-01-05 03:10:51', '2024-01-05 03:10:51'),
(200, 197, 7, '2024-01-05 03:10:51', '2024-01-05 03:10:51'),
(201, 198, 1, '2024-01-05 03:10:51', '2024-01-05 03:10:51'),
(202, 199, 3, '2024-01-05 03:10:51', '2024-01-05 03:10:51'),
(203, 200, 4, '2024-01-05 03:10:51', '2024-01-05 03:10:51'),
(204, 201, 6, '2024-01-05 03:10:51', '2024-01-05 03:10:51'),
(205, 202, 7, '2024-01-05 03:10:51', '2024-01-05 03:10:51'),
(206, 203, 6, '2024-01-05 03:10:52', '2024-01-05 03:10:52'),
(207, 204, 3, '2024-01-05 03:10:52', '2024-01-05 03:10:52'),
(208, 205, 1, '2024-01-05 03:10:52', '2024-01-05 03:10:52'),
(209, 206, 5, '2024-01-05 03:10:52', '2024-01-05 03:10:52'),
(210, 207, 3, '2024-01-05 03:10:52', '2024-01-05 03:10:52'),
(211, 208, 1, '2024-01-05 03:10:52', '2024-01-05 03:10:52'),
(212, 209, 7, '2024-01-05 03:10:52', '2024-01-05 03:10:52'),
(213, 210, 5, '2024-01-05 03:10:52', '2024-01-05 03:10:52'),
(214, 211, 7, '2024-01-05 03:10:52', '2024-01-05 03:10:52'),
(215, 212, 6, '2024-01-05 03:10:52', '2024-01-05 03:10:52'),
(216, 213, 5, '2024-01-05 03:10:52', '2024-01-05 03:10:52'),
(217, 214, 4, '2024-01-05 03:10:52', '2024-01-05 03:10:52'),
(218, 215, 6, '2024-01-05 03:10:52', '2024-01-05 03:10:52'),
(219, 216, 5, '2024-01-05 03:10:52', '2024-01-05 03:10:52'),
(220, 217, 4, '2024-01-05 03:10:52', '2024-01-05 03:10:52'),
(221, 218, 1, '2024-01-05 03:10:52', '2024-01-05 03:10:52'),
(222, 219, 2, '2024-01-05 03:10:52', '2024-01-05 03:10:52'),
(223, 220, 1, '2024-01-05 03:10:53', '2024-01-05 03:10:53'),
(224, 221, 3, '2024-01-05 03:10:53', '2024-01-05 03:10:53'),
(225, 222, 2, '2024-01-05 03:10:53', '2024-01-05 03:10:53'),
(226, 223, 3, '2024-01-05 03:10:53', '2024-01-05 03:10:53'),
(227, 224, 7, '2024-01-05 03:10:53', '2024-01-05 03:10:53'),
(228, 225, 2, '2024-01-05 03:10:53', '2024-01-05 03:10:53'),
(229, 226, 4, '2024-01-05 03:10:53', '2024-01-05 03:10:53'),
(230, 227, 7, '2024-01-05 03:10:53', '2024-01-05 03:10:53'),
(231, 228, 6, '2024-01-05 03:10:53', '2024-01-05 03:10:53'),
(232, 229, 5, '2024-01-05 03:10:53', '2024-01-05 03:10:53'),
(233, 230, 2, '2024-01-05 03:10:53', '2024-01-05 03:10:53'),
(234, 231, 4, '2024-01-05 03:10:53', '2024-01-05 03:10:53'),
(235, 232, 1, '2024-01-05 03:10:53', '2024-01-05 03:10:53'),
(236, 233, 7, '2024-01-05 03:10:53', '2024-01-05 03:10:53'),
(237, 234, 5, '2024-01-05 03:10:53', '2024-01-05 03:10:53'),
(238, 235, 3, '2024-01-05 03:10:53', '2024-01-05 03:10:53'),
(239, 236, 1, '2024-01-05 03:10:54', '2024-01-05 03:10:54'),
(240, 237, 5, '2024-01-05 03:10:54', '2024-01-05 03:10:54'),
(241, 238, 1, '2024-01-05 03:10:54', '2024-01-05 03:10:54'),
(242, 239, 1, '2024-01-05 03:10:54', '2024-01-05 03:10:54'),
(243, 240, 2, '2024-01-05 03:10:54', '2024-01-05 03:10:54'),
(244, 241, 7, '2024-01-05 03:10:54', '2024-01-05 03:10:54'),
(245, 242, 2, '2024-01-05 03:10:54', '2024-01-05 03:10:54'),
(246, 243, 7, '2024-01-05 03:10:54', '2024-01-05 03:10:54'),
(247, 244, 3, '2024-01-05 03:10:54', '2024-01-05 03:10:54'),
(248, 245, 6, '2024-01-05 03:10:54', '2024-01-05 03:10:54'),
(249, 246, 4, '2024-01-05 03:10:54', '2024-01-05 03:10:54'),
(250, 247, 6, '2024-01-05 03:10:54', '2024-01-05 03:10:54'),
(251, 248, 5, '2024-01-05 03:10:54', '2024-01-05 03:10:54'),
(252, 249, 1, '2024-01-05 03:10:54', '2024-01-05 03:10:54'),
(253, 250, 7, '2024-01-05 03:10:54', '2024-01-05 03:10:54'),
(254, 251, 7, '2024-01-05 03:10:54', '2024-01-05 03:10:54'),
(255, 252, 3, '2024-01-05 03:10:55', '2024-01-05 03:10:55'),
(256, 253, 4, '2024-01-05 03:10:55', '2024-01-05 03:10:55'),
(257, 254, 5, '2024-01-05 03:10:55', '2024-01-05 03:10:55'),
(258, 255, 3, '2024-01-05 03:10:55', '2024-01-05 03:10:55'),
(259, 256, 3, '2024-01-05 03:10:55', '2024-01-05 03:10:55'),
(260, 257, 2, '2024-01-05 03:10:55', '2024-01-05 03:10:55'),
(261, 258, 1, '2024-01-05 03:10:55', '2024-01-05 03:10:55'),
(262, 259, 6, '2024-01-05 03:10:55', '2024-01-05 03:10:55'),
(263, 260, 2, '2024-01-05 03:10:55', '2024-01-05 03:10:55'),
(264, 261, 7, '2024-01-05 03:10:55', '2024-01-05 03:10:55'),
(265, 262, 6, '2024-01-05 03:10:55', '2024-01-05 03:10:55'),
(266, 263, 6, '2024-01-05 03:10:55', '2024-01-05 03:10:55'),
(267, 264, 7, '2024-01-05 03:10:55', '2024-01-05 03:10:55'),
(268, 265, 7, '2024-01-05 03:10:55', '2024-01-05 03:10:55'),
(269, 266, 3, '2024-01-05 03:10:55', '2024-01-05 03:10:55'),
(270, 267, 4, '2024-01-05 03:10:55', '2024-01-05 03:10:55'),
(271, 268, 5, '2024-01-05 03:10:56', '2024-01-05 03:10:56'),
(272, 269, 3, '2024-01-05 03:10:56', '2024-01-05 03:10:56'),
(273, 270, 2, '2024-01-05 03:10:56', '2024-01-05 03:10:56'),
(274, 271, 2, '2024-01-05 03:10:56', '2024-01-05 03:10:56'),
(275, 272, 7, '2024-01-05 03:10:56', '2024-01-05 03:10:56'),
(276, 273, 3, '2024-01-05 03:10:56', '2024-01-05 03:10:56'),
(277, 274, 7, '2024-01-05 03:10:56', '2024-01-05 03:10:56'),
(278, 275, 2, '2024-01-05 03:10:56', '2024-01-05 03:10:56'),
(279, 276, 5, '2024-01-05 03:10:56', '2024-01-05 03:10:56'),
(280, 277, 5, '2024-01-05 03:10:56', '2024-01-05 03:10:56'),
(281, 278, 4, '2024-01-05 03:10:56', '2024-01-05 03:10:56'),
(282, 279, 1, '2024-01-05 03:10:56', '2024-01-05 03:10:56'),
(283, 280, 1, '2024-01-05 03:10:56', '2024-01-05 03:10:56'),
(284, 281, 5, '2024-01-05 03:10:56', '2024-01-05 03:10:56'),
(285, 282, 3, '2024-01-05 03:10:56', '2024-01-05 03:10:56'),
(286, 283, 3, '2024-01-05 03:10:56', '2024-01-05 03:10:56'),
(287, 284, 2, '2024-01-05 03:10:56', '2024-01-05 03:10:56'),
(288, 285, 7, '2024-01-05 03:10:57', '2024-01-05 03:10:57'),
(289, 286, 6, '2024-01-05 03:10:57', '2024-01-05 03:10:57'),
(290, 287, 1, '2024-01-05 03:10:57', '2024-01-05 03:10:57'),
(291, 288, 5, '2024-01-05 03:10:57', '2024-01-05 03:10:57'),
(292, 289, 1, '2024-01-05 03:10:57', '2024-01-05 03:10:57'),
(293, 290, 7, '2024-01-05 03:10:57', '2024-01-05 03:10:57'),
(294, 291, 6, '2024-01-05 03:10:57', '2024-01-05 03:10:57'),
(295, 292, 6, '2024-01-05 03:10:57', '2024-01-05 03:10:57'),
(296, 293, 7, '2024-01-05 03:10:57', '2024-01-05 03:10:57'),
(297, 294, 5, '2024-01-05 03:10:57', '2024-01-05 03:10:57'),
(298, 295, 1, '2024-01-05 03:10:57', '2024-01-05 03:10:57'),
(299, 296, 1, '2024-01-05 03:10:57', '2024-01-05 03:10:57'),
(300, 297, 2, '2024-01-05 03:10:57', '2024-01-05 03:10:57'),
(301, 298, 1, '2024-01-05 03:10:57', '2024-01-05 03:10:57'),
(302, 299, 1, '2024-01-05 03:10:57', '2024-01-05 03:10:57'),
(303, 300, 1, '2024-01-05 03:10:57', '2024-01-05 03:10:57'),
(304, 301, 2, '2024-01-05 03:10:58', '2024-01-05 03:10:58'),
(305, 302, 7, '2024-01-05 03:10:58', '2024-01-05 03:10:58'),
(306, 303, 3, '2024-01-05 03:10:58', '2024-01-05 03:10:58'),
(307, 304, 5, '2024-01-05 03:10:58', '2024-01-05 03:10:58'),
(308, 305, 2, '2024-01-05 03:10:58', '2024-01-05 03:10:58'),
(309, 306, 3, '2024-01-05 03:10:58', '2024-01-05 03:10:58'),
(310, 307, 7, '2024-01-05 03:10:58', '2024-01-05 03:10:58'),
(311, 308, 1, '2024-01-05 03:10:58', '2024-01-05 03:10:58'),
(312, 309, 4, '2024-01-05 03:10:58', '2024-01-05 03:10:58'),
(313, 310, 7, '2024-01-05 03:10:58', '2024-01-05 03:10:58'),
(314, 311, 3, '2024-01-05 03:10:58', '2024-01-05 03:10:58'),
(315, 312, 7, '2024-01-05 03:10:58', '2024-01-05 03:10:58'),
(316, 313, 3, '2024-01-05 03:10:58', '2024-01-05 03:10:58'),
(317, 314, 2, '2024-01-05 03:10:58', '2024-01-05 03:10:58'),
(318, 315, 3, '2024-01-05 03:10:58', '2024-01-05 03:10:58'),
(319, 316, 7, '2024-01-05 03:10:58', '2024-01-05 03:10:58'),
(320, 317, 5, '2024-01-05 03:10:59', '2024-01-05 03:10:59'),
(321, 318, 3, '2024-01-05 03:10:59', '2024-01-05 03:10:59'),
(322, 319, 3, '2024-01-05 03:10:59', '2024-01-05 03:10:59'),
(323, 320, 7, '2024-01-05 03:10:59', '2024-01-05 03:10:59'),
(324, 321, 3, '2024-01-05 03:10:59', '2024-01-05 03:10:59'),
(325, 322, 7, '2024-01-05 03:10:59', '2024-01-05 03:10:59'),
(326, 323, 1, '2024-01-05 03:10:59', '2024-01-05 03:10:59'),
(327, 324, 3, '2024-01-05 03:10:59', '2024-01-05 03:10:59'),
(328, 325, 1, '2024-01-05 03:10:59', '2024-01-05 03:10:59'),
(329, 326, 4, '2024-01-05 03:10:59', '2024-01-05 03:10:59'),
(330, 327, 4, '2024-01-05 03:10:59', '2024-01-05 03:10:59'),
(331, 328, 1, '2024-01-05 03:10:59', '2024-01-05 03:10:59'),
(332, 329, 1, '2024-01-05 03:10:59', '2024-01-05 03:10:59'),
(333, 330, 4, '2024-01-05 03:10:59', '2024-01-05 03:10:59'),
(334, 331, 6, '2024-01-05 03:10:59', '2024-01-05 03:10:59'),
(335, 332, 4, '2024-01-05 03:10:59', '2024-01-05 03:10:59'),
(336, 333, 2, '2024-01-05 03:10:59', '2024-01-05 03:10:59'),
(337, 334, 1, '2024-01-05 03:11:00', '2024-01-05 03:11:00'),
(338, 335, 3, '2024-01-05 03:11:00', '2024-01-05 03:11:00'),
(339, 336, 4, '2024-01-05 03:11:00', '2024-01-05 03:11:00'),
(340, 337, 3, '2024-01-05 03:11:00', '2024-01-05 03:11:00'),
(341, 338, 4, '2024-01-05 03:11:00', '2024-01-05 03:11:00'),
(342, 339, 5, '2024-01-05 03:11:00', '2024-01-05 03:11:00'),
(343, 340, 1, '2024-01-05 03:11:00', '2024-01-05 03:11:00'),
(344, 341, 6, '2024-01-05 03:11:00', '2024-01-05 03:11:00'),
(345, 342, 1, '2024-01-05 03:11:00', '2024-01-05 03:11:00'),
(346, 343, 6, '2024-01-05 03:11:00', '2024-01-05 03:11:00'),
(347, 344, 5, '2024-01-05 03:11:00', '2024-01-05 03:11:00'),
(348, 345, 6, '2024-01-05 03:11:00', '2024-01-05 03:11:00'),
(349, 346, 6, '2024-01-05 03:11:00', '2024-01-05 03:11:00'),
(350, 347, 3, '2024-01-05 03:11:00', '2024-01-05 03:11:00'),
(351, 348, 3, '2024-01-05 03:11:00', '2024-01-05 03:11:00'),
(352, 349, 1, '2024-01-05 03:11:00', '2024-01-05 03:11:00'),
(353, 350, 7, '2024-01-05 03:11:01', '2024-01-05 03:11:01'),
(354, 351, 2, '2024-01-05 03:11:01', '2024-01-05 03:11:01'),
(355, 352, 7, '2024-01-05 03:11:01', '2024-01-05 03:11:01'),
(356, 353, 4, '2024-01-05 03:11:01', '2024-01-05 03:11:01'),
(357, 354, 1, '2024-01-05 03:11:01', '2024-01-05 03:11:01'),
(358, 355, 7, '2024-01-05 03:11:01', '2024-01-05 03:11:01'),
(359, 356, 2, '2024-01-05 03:11:01', '2024-01-05 03:11:01'),
(360, 357, 1, '2024-01-05 03:11:01', '2024-01-05 03:11:01'),
(361, 358, 3, '2024-01-05 03:11:01', '2024-01-05 03:11:01'),
(362, 359, 5, '2024-01-05 03:11:01', '2024-01-05 03:11:01'),
(363, 360, 1, '2024-01-05 03:11:01', '2024-01-05 03:11:01'),
(364, 361, 3, '2024-01-05 03:11:01', '2024-01-05 03:11:01'),
(365, 362, 3, '2024-01-05 03:11:01', '2024-01-05 03:11:01'),
(366, 363, 3, '2024-01-05 03:11:01', '2024-01-05 03:11:01'),
(367, 364, 1, '2024-01-05 03:11:01', '2024-01-05 03:11:01'),
(368, 365, 7, '2024-01-05 03:11:01', '2024-01-05 03:11:01'),
(369, 366, 3, '2024-01-05 03:11:02', '2024-01-05 03:11:02'),
(370, 367, 1, '2024-01-05 03:11:02', '2024-01-05 03:11:02'),
(371, 368, 5, '2024-01-05 03:11:02', '2024-01-05 03:11:02'),
(372, 369, 1, '2024-01-05 03:11:02', '2024-01-05 03:11:02'),
(373, 370, 6, '2024-01-05 03:11:02', '2024-01-05 03:11:02'),
(374, 371, 1, '2024-01-05 03:11:02', '2024-01-05 03:11:02'),
(375, 372, 4, '2024-01-05 03:11:02', '2024-01-05 03:11:02'),
(376, 373, 2, '2024-01-05 03:11:02', '2024-01-05 03:11:02'),
(377, 374, 5, '2024-01-05 03:11:02', '2024-01-05 03:11:02'),
(378, 375, 7, '2024-01-05 03:11:02', '2024-01-05 03:11:02'),
(379, 376, 6, '2024-01-05 03:11:02', '2024-01-05 03:11:02'),
(380, 377, 3, '2024-01-05 03:11:02', '2024-01-05 03:11:02'),
(381, 378, 4, '2024-01-05 03:11:02', '2024-01-05 03:11:02'),
(382, 379, 4, '2024-01-05 03:11:02', '2024-01-05 03:11:02'),
(383, 380, 4, '2024-01-05 03:11:02', '2024-01-05 03:11:02'),
(384, 381, 4, '2024-01-05 03:11:02', '2024-01-05 03:11:02'),
(385, 382, 7, '2024-01-05 03:11:03', '2024-01-05 03:11:03'),
(386, 383, 2, '2024-01-05 03:11:03', '2024-01-05 03:11:03'),
(387, 384, 4, '2024-01-05 03:11:03', '2024-01-05 03:11:03'),
(388, 385, 7, '2024-01-05 03:11:03', '2024-01-05 03:11:03'),
(389, 386, 2, '2024-01-05 03:11:03', '2024-01-05 03:11:03'),
(390, 387, 4, '2024-01-05 03:11:03', '2024-01-05 03:11:03'),
(391, 388, 6, '2024-01-05 03:11:03', '2024-01-05 03:11:03'),
(392, 389, 1, '2024-01-05 03:11:03', '2024-01-05 03:11:03'),
(393, 390, 2, '2024-01-05 03:11:03', '2024-01-05 03:11:03'),
(394, 391, 2, '2024-01-05 03:11:03', '2024-01-05 03:11:03'),
(395, 392, 3, '2024-01-05 03:11:03', '2024-01-05 03:11:03'),
(396, 393, 1, '2024-01-05 03:11:03', '2024-01-05 03:11:03'),
(397, 394, 3, '2024-01-05 03:11:03', '2024-01-05 03:11:03'),
(398, 395, 6, '2024-01-05 03:11:03', '2024-01-05 03:11:03'),
(399, 396, 1, '2024-01-05 03:11:03', '2024-01-05 03:11:03'),
(400, 397, 3, '2024-01-05 03:11:03', '2024-01-05 03:11:03'),
(401, 398, 2, '2024-01-05 03:11:03', '2024-01-05 03:11:03'),
(402, 399, 3, '2024-01-05 03:11:04', '2024-01-05 03:11:04'),
(403, 400, 3, '2024-01-05 03:11:04', '2024-01-05 03:11:04'),
(404, 401, 6, '2024-01-05 03:11:04', '2024-01-05 03:11:04'),
(405, 402, 7, '2024-01-05 03:11:04', '2024-01-05 03:11:04'),
(406, 403, 7, '2024-01-05 03:11:04', '2024-01-05 03:11:04'),
(407, 404, 5, '2024-01-05 03:11:04', '2024-01-05 03:11:04'),
(408, 405, 1, '2024-01-05 03:11:04', '2024-01-05 03:11:04'),
(409, 406, 3, '2024-01-05 03:11:04', '2024-01-05 03:11:04'),
(410, 407, 1, '2024-01-05 03:11:04', '2024-01-05 03:11:04'),
(411, 408, 2, '2024-01-05 03:11:04', '2024-01-05 03:11:04'),
(412, 409, 4, '2024-01-05 03:11:04', '2024-01-05 03:11:04'),
(413, 410, 6, '2024-01-05 03:11:04', '2024-01-05 03:11:04'),
(414, 411, 7, '2024-01-05 03:11:04', '2024-01-05 03:11:04'),
(415, 412, 3, '2024-01-05 03:11:04', '2024-01-05 03:11:04'),
(416, 413, 7, '2024-01-05 03:11:04', '2024-01-05 03:11:04'),
(417, 414, 4, '2024-01-05 03:11:04', '2024-01-05 03:11:04'),
(418, 415, 3, '2024-01-05 03:11:05', '2024-01-05 03:11:05'),
(419, 416, 3, '2024-01-05 03:11:05', '2024-01-05 03:11:05'),
(420, 417, 4, '2024-01-05 03:11:05', '2024-01-05 03:11:05'),
(421, 418, 7, '2024-01-05 03:11:05', '2024-01-05 03:11:05'),
(422, 419, 7, '2024-01-05 03:11:05', '2024-01-05 03:11:05'),
(423, 420, 2, '2024-01-05 03:11:05', '2024-01-05 03:11:05'),
(424, 421, 7, '2024-01-05 03:11:05', '2024-01-05 03:11:05'),
(425, 422, 4, '2024-01-05 03:11:05', '2024-01-05 03:11:05'),
(426, 423, 4, '2024-01-05 03:11:05', '2024-01-05 03:11:05'),
(427, 424, 7, '2024-01-05 03:11:05', '2024-01-05 03:11:05'),
(428, 425, 4, '2024-01-05 03:11:05', '2024-01-05 03:11:05'),
(429, 426, 1, '2024-01-05 03:11:05', '2024-01-05 03:11:05'),
(430, 427, 2, '2024-01-05 03:11:05', '2024-01-05 03:11:05'),
(431, 428, 5, '2024-01-05 03:11:05', '2024-01-05 03:11:05'),
(432, 429, 2, '2024-01-05 03:11:05', '2024-01-05 03:11:05'),
(433, 430, 6, '2024-01-05 03:11:05', '2024-01-05 03:11:05'),
(434, 431, 4, '2024-01-05 03:11:06', '2024-01-05 03:11:06'),
(435, 432, 6, '2024-01-05 03:11:06', '2024-01-05 03:11:06'),
(436, 433, 7, '2024-01-05 03:11:06', '2024-01-05 03:11:06'),
(437, 434, 4, '2024-01-05 03:11:06', '2024-01-05 03:11:06'),
(438, 435, 4, '2024-01-05 03:11:06', '2024-01-05 03:11:06'),
(439, 436, 1, '2024-01-05 03:11:06', '2024-01-05 03:11:06'),
(440, 437, 2, '2024-01-05 03:11:06', '2024-01-05 03:11:06'),
(441, 438, 3, '2024-01-05 03:11:06', '2024-01-05 03:11:06'),
(442, 439, 2, '2024-01-05 03:11:06', '2024-01-05 03:11:06'),
(443, 440, 5, '2024-01-05 03:11:06', '2024-01-05 03:11:06'),
(444, 441, 3, '2024-01-05 03:11:06', '2024-01-05 03:11:06'),
(445, 442, 2, '2024-01-05 03:11:06', '2024-01-05 03:11:06'),
(446, 443, 1, '2024-01-05 03:11:06', '2024-01-05 03:11:06'),
(447, 444, 7, '2024-01-05 03:11:06', '2024-01-05 03:11:06'),
(448, 445, 4, '2024-01-05 03:11:06', '2024-01-05 03:11:06'),
(449, 446, 4, '2024-01-05 03:11:06', '2024-01-05 03:11:06'),
(450, 447, 4, '2024-01-05 03:11:07', '2024-01-05 03:11:07'),
(451, 448, 4, '2024-01-05 03:11:07', '2024-01-05 03:11:07'),
(452, 449, 7, '2024-01-05 03:11:07', '2024-01-05 03:11:07'),
(453, 450, 5, '2024-01-05 03:11:07', '2024-01-05 03:11:07'),
(454, 451, 6, '2024-01-05 03:11:07', '2024-01-05 03:11:07'),
(455, 452, 7, '2024-01-05 03:11:07', '2024-01-05 03:11:07'),
(456, 453, 1, '2024-01-05 03:11:07', '2024-01-05 03:11:07'),
(457, 454, 5, '2024-01-05 03:11:07', '2024-01-05 03:11:07'),
(458, 455, 1, '2024-01-05 03:11:07', '2024-01-05 03:11:07'),
(459, 456, 6, '2024-01-05 03:11:07', '2024-01-05 03:11:07'),
(460, 457, 7, '2024-01-05 03:11:07', '2024-01-05 03:11:07'),
(461, 458, 4, '2024-01-05 03:11:07', '2024-01-05 03:11:07'),
(462, 459, 7, '2024-01-05 03:11:07', '2024-01-05 03:11:07'),
(463, 460, 6, '2024-01-05 03:11:07', '2024-01-05 03:11:07'),
(464, 461, 2, '2024-01-05 03:11:07', '2024-01-05 03:11:07'),
(465, 462, 4, '2024-01-05 03:11:07', '2024-01-05 03:11:07'),
(466, 463, 2, '2024-01-05 03:11:07', '2024-01-05 03:11:07'),
(467, 464, 3, '2024-01-05 03:11:08', '2024-01-05 03:11:08'),
(468, 465, 1, '2024-01-05 03:11:08', '2024-01-05 03:11:08'),
(469, 466, 7, '2024-01-05 03:11:08', '2024-01-05 03:11:08'),
(470, 467, 4, '2024-01-05 03:11:08', '2024-01-05 03:11:08'),
(471, 468, 6, '2024-01-05 03:11:08', '2024-01-05 03:11:08'),
(472, 469, 2, '2024-01-05 03:11:08', '2024-01-05 03:11:08'),
(473, 470, 7, '2024-01-05 03:11:08', '2024-01-05 03:11:08'),
(474, 471, 1, '2024-01-05 03:11:08', '2024-01-05 03:11:08'),
(475, 472, 4, '2024-01-05 03:11:08', '2024-01-05 03:11:08'),
(476, 473, 6, '2024-01-05 03:11:08', '2024-01-05 03:11:08'),
(477, 474, 7, '2024-01-05 03:11:08', '2024-01-05 03:11:08'),
(478, 475, 1, '2024-01-05 03:11:08', '2024-01-05 03:11:08'),
(479, 476, 4, '2024-01-05 03:11:08', '2024-01-05 03:11:08'),
(480, 477, 3, '2024-01-05 03:11:08', '2024-01-05 03:11:08'),
(481, 478, 2, '2024-01-05 03:11:08', '2024-01-05 03:11:08'),
(482, 479, 1, '2024-01-05 03:11:08', '2024-01-05 03:11:08'),
(483, 480, 4, '2024-01-05 03:11:09', '2024-01-05 03:11:09'),
(484, 481, 5, '2024-01-05 03:11:09', '2024-01-05 03:11:09'),
(485, 482, 6, '2024-01-05 03:11:09', '2024-01-05 03:11:09'),
(486, 483, 7, '2024-01-05 03:11:09', '2024-01-05 03:11:09'),
(487, 484, 3, '2024-01-05 03:11:09', '2024-01-05 03:11:09'),
(488, 485, 3, '2024-01-05 03:11:09', '2024-01-05 03:11:09'),
(489, 486, 7, '2024-01-05 03:11:09', '2024-01-05 03:11:09'),
(490, 487, 6, '2024-01-05 03:11:09', '2024-01-05 03:11:09'),
(491, 488, 7, '2024-01-05 03:11:09', '2024-01-05 03:11:09'),
(492, 489, 4, '2024-01-05 03:11:09', '2024-01-05 03:11:09'),
(493, 490, 4, '2024-01-05 03:11:09', '2024-01-05 03:11:09'),
(494, 491, 6, '2024-01-05 03:11:09', '2024-01-05 03:11:09'),
(495, 492, 5, '2024-01-05 03:11:09', '2024-01-05 03:11:09'),
(496, 493, 2, '2024-01-05 03:11:09', '2024-01-05 03:11:09'),
(497, 494, 2, '2024-01-05 03:11:09', '2024-01-05 03:11:09'),
(498, 495, 5, '2024-01-05 03:11:09', '2024-01-05 03:11:09'),
(499, 496, 1, '2024-01-05 03:11:10', '2024-01-05 03:11:10'),
(500, 497, 6, '2024-01-05 03:11:10', '2024-01-05 03:11:10'),
(501, 498, 3, '2024-01-05 03:11:10', '2024-01-05 03:11:10'),
(502, 499, 7, '2024-01-05 03:11:10', '2024-01-05 03:11:10'),
(503, 500, 2, '2024-01-05 03:11:10', '2024-01-05 03:11:10'),
(504, 501, 4, '2024-01-05 03:11:10', '2024-01-05 03:11:10'),
(505, 502, 3, '2024-01-05 03:11:10', '2024-01-05 03:11:10'),
(506, 503, 2, '2024-01-05 03:11:10', '2024-01-05 03:11:10'),
(507, 504, 3, '2024-01-05 03:11:10', '2024-01-05 03:11:10'),
(508, 505, 2, '2024-01-07 04:58:43', '2024-01-07 04:58:43'),
(509, 506, 2, '2024-01-07 05:16:09', '2024-01-07 05:16:09'),
(510, 506, 1, '2024-01-07 05:19:10', '2024-01-07 05:19:10'),
(511, 505, 5, '2024-01-07 05:24:15', '2024-01-07 05:24:15');

-- --------------------------------------------------------

--
-- Table structure for table `failed_jobs`
--

CREATE TABLE `failed_jobs` (
  `id` bigint(20) UNSIGNED NOT NULL,
  `uuid` varchar(255) NOT NULL,
  `connection` text NOT NULL,
  `queue` text NOT NULL,
  `payload` longtext NOT NULL,
  `exception` longtext NOT NULL,
  `failed_at` timestamp NOT NULL DEFAULT current_timestamp()
) ENGINE=InnoDB DEFAULT CHARSET=utf8mb4 COLLATE=utf8mb4_unicode_ci;

-- --------------------------------------------------------

--
-- Table structure for table `kategori`
--

CREATE TABLE `kategori` (
  `id` bigint(20) UNSIGNED NOT NULL,
  `nama` varchar(255) NOT NULL,
  `slug` varchar(255) NOT NULL,
  `created_at` timestamp NULL DEFAULT NULL,
  `updated_at` timestamp NULL DEFAULT NULL
) ENGINE=InnoDB DEFAULT CHARSET=utf8mb4 COLLATE=utf8mb4_unicode_ci;

--
-- Dumping data for table `kategori`
--

INSERT INTO `kategori` (`id`, `nama`, `slug`, `created_at`, `updated_at`) VALUES
(1, 'None', 'none', '2024-01-05 03:10:39', '2024-01-05 03:10:39'),
(2, 'Novel', 'novel', '2024-01-05 03:10:39', '2024-01-05 03:10:39'),
(3, 'Sejarah', 'sejarah', '2024-01-05 03:10:39', '2024-01-05 03:10:39'),
(4, 'Religi', 'religi', '2024-01-05 03:10:39', '2024-01-05 03:10:39'),
(5, 'Biografi', 'biografi', '2024-01-05 03:10:39', '2024-01-05 03:10:39'),
(6, 'Komik', 'komik', '2024-01-05 03:10:39', '2024-01-05 03:10:39');

-- --------------------------------------------------------

--
-- Table structure for table `migrations`
--

CREATE TABLE `migrations` (
  `id` int(10) UNSIGNED NOT NULL,
  `migration` varchar(255) NOT NULL,
  `batch` int(11) NOT NULL
) ENGINE=InnoDB DEFAULT CHARSET=utf8mb4 COLLATE=utf8mb4_unicode_ci;

--
-- Dumping data for table `migrations`
--

INSERT INTO `migrations` (`id`, `migration`, `batch`) VALUES
(1, '2014_10_12_000000_create_users_table', 1),
(2, '2014_10_12_100000_create_password_resets_table', 1),
(3, '2019_08_19_000000_create_failed_jobs_table', 1),
(4, '2021_06_10_074424_create_permission_tables', 1),
(5, '2021_06_10_092718_create_kategori_table', 1),
(6, '2021_06_10_092904_create_rak_table', 1),
(7, '2021_06_10_092922_create_penerbit_table', 1),
(8, '2021_06_10_092940_create_buku_table', 1),
(9, '2021_06_25_084641_create_peminjaman_table', 1),
(10, '2021_06_25_085011_create_detail_peminjaman_table', 1);

-- --------------------------------------------------------

--
-- Table structure for table `model_has_permissions`
--

CREATE TABLE `model_has_permissions` (
  `permission_id` bigint(20) UNSIGNED NOT NULL,
  `model_type` varchar(255) NOT NULL,
  `model_id` bigint(20) UNSIGNED NOT NULL
) ENGINE=InnoDB DEFAULT CHARSET=utf8mb4 COLLATE=utf8mb4_unicode_ci;

-- --------------------------------------------------------

--
-- Table structure for table `model_has_roles`
--

CREATE TABLE `model_has_roles` (
  `role_id` bigint(20) UNSIGNED NOT NULL,
  `model_type` varchar(255) NOT NULL,
  `model_id` bigint(20) UNSIGNED NOT NULL
) ENGINE=InnoDB DEFAULT CHARSET=utf8mb4 COLLATE=utf8mb4_unicode_ci;

--
-- Dumping data for table `model_has_roles`
--

INSERT INTO `model_has_roles` (`role_id`, `model_type`, `model_id`) VALUES
(1, 'App\\Models\\User', 1),
(2, 'App\\Models\\User', 2),
(3, 'App\\Models\\User', 3),
(3, 'App\\Models\\User', 4),
(3, 'App\\Models\\User', 5),
(3, 'App\\Models\\User', 6),
(3, 'App\\Models\\User', 7),
(3, 'App\\Models\\User', 8),
(3, 'App\\Models\\User', 9),
(3, 'App\\Models\\User', 10),
(3, 'App\\Models\\User', 11),
(3, 'App\\Models\\User', 12),
(3, 'App\\Models\\User', 13),
(3, 'App\\Models\\User', 14),
(3, 'App\\Models\\User', 15),
(3, 'App\\Models\\User', 16),
(3, 'App\\Models\\User', 17),
(3, 'App\\Models\\User', 18),
(3, 'App\\Models\\User', 19),
(3, 'App\\Models\\User', 20),
(3, 'App\\Models\\User', 21),
(3, 'App\\Models\\User', 22),
(3, 'App\\Models\\User', 23),
(3, 'App\\Models\\User', 24),
(3, 'App\\Models\\User', 25),
(3, 'App\\Models\\User', 26),
(3, 'App\\Models\\User', 27),
(3, 'App\\Models\\User', 28),
(3, 'App\\Models\\User', 29),
(3, 'App\\Models\\User', 30),
(3, 'App\\Models\\User', 31),
(3, 'App\\Models\\User', 32),
(3, 'App\\Models\\User', 33),
(3, 'App\\Models\\User', 34),
(3, 'App\\Models\\User', 35),
(3, 'App\\Models\\User', 36),
(3, 'App\\Models\\User', 37),
(3, 'App\\Models\\User', 38),
(3, 'App\\Models\\User', 39),
(3, 'App\\Models\\User', 40),
(3, 'App\\Models\\User', 41),
(3, 'App\\Models\\User', 42),
(3, 'App\\Models\\User', 43),
(3, 'App\\Models\\User', 44),
(3, 'App\\Models\\User', 45),
(3, 'App\\Models\\User', 46),
(3, 'App\\Models\\User', 47),
(3, 'App\\Models\\User', 48),
(3, 'App\\Models\\User', 49),
(3, 'App\\Models\\User', 50),
(3, 'App\\Models\\User', 51),
(3, 'App\\Models\\User', 52),
(3, 'App\\Models\\User', 53),
(3, 'App\\Models\\User', 54),
(3, 'App\\Models\\User', 55),
(3, 'App\\Models\\User', 56),
(3, 'App\\Models\\User', 57),
(3, 'App\\Models\\User', 58),
(3, 'App\\Models\\User', 59),
(3, 'App\\Models\\User', 60),
(3, 'App\\Models\\User', 61),
(3, 'App\\Models\\User', 62),
(3, 'App\\Models\\User', 63),
(3, 'App\\Models\\User', 64),
(3, 'App\\Models\\User', 65),
(3, 'App\\Models\\User', 66),
(3, 'App\\Models\\User', 67),
(3, 'App\\Models\\User', 68),
(3, 'App\\Models\\User', 69),
(3, 'App\\Models\\User', 70),
(3, 'App\\Models\\User', 71),
(3, 'App\\Models\\User', 72),
(3, 'App\\Models\\User', 73),
(3, 'App\\Models\\User', 74),
(3, 'App\\Models\\User', 75),
(3, 'App\\Models\\User', 76),
(3, 'App\\Models\\User', 77),
(3, 'App\\Models\\User', 78),
(3, 'App\\Models\\User', 79),
(3, 'App\\Models\\User', 80),
(3, 'App\\Models\\User', 81),
(3, 'App\\Models\\User', 82),
(3, 'App\\Models\\User', 83),
(3, 'App\\Models\\User', 84),
(3, 'App\\Models\\User', 85),
(3, 'App\\Models\\User', 86),
(3, 'App\\Models\\User', 87),
(3, 'App\\Models\\User', 88),
(3, 'App\\Models\\User', 89),
(3, 'App\\Models\\User', 90),
(3, 'App\\Models\\User', 91),
(3, 'App\\Models\\User', 92),
(3, 'App\\Models\\User', 93),
(3, 'App\\Models\\User', 94),
(3, 'App\\Models\\User', 95),
(3, 'App\\Models\\User', 96),
(3, 'App\\Models\\User', 97),
(3, 'App\\Models\\User', 98),
(3, 'App\\Models\\User', 99),
(3, 'App\\Models\\User', 100),
(3, 'App\\Models\\User', 101),
(3, 'App\\Models\\User', 102),
(3, 'App\\Models\\User', 103),
(3, 'App\\Models\\User', 104),
(3, 'App\\Models\\User', 105),
(3, 'App\\Models\\User', 106),
(3, 'App\\Models\\User', 107),
(3, 'App\\Models\\User', 108),
(3, 'App\\Models\\User', 109),
(3, 'App\\Models\\User', 110),
(3, 'App\\Models\\User', 111),
(3, 'App\\Models\\User', 112),
(3, 'App\\Models\\User', 113),
(3, 'App\\Models\\User', 114),
(3, 'App\\Models\\User', 115),
(3, 'App\\Models\\User', 116),
(3, 'App\\Models\\User', 117),
(3, 'App\\Models\\User', 118),
(3, 'App\\Models\\User', 119),
(3, 'App\\Models\\User', 120),
(3, 'App\\Models\\User', 121),
(3, 'App\\Models\\User', 122),
(3, 'App\\Models\\User', 123),
(3, 'App\\Models\\User', 124),
(3, 'App\\Models\\User', 125),
(3, 'App\\Models\\User', 126),
(3, 'App\\Models\\User', 127),
(3, 'App\\Models\\User', 128),
(3, 'App\\Models\\User', 129),
(3, 'App\\Models\\User', 130),
(3, 'App\\Models\\User', 131),
(3, 'App\\Models\\User', 132),
(3, 'App\\Models\\User', 133),
(3, 'App\\Models\\User', 134),
(3, 'App\\Models\\User', 135),
(3, 'App\\Models\\User', 136),
(3, 'App\\Models\\User', 137),
(3, 'App\\Models\\User', 138),
(3, 'App\\Models\\User', 139),
(3, 'App\\Models\\User', 140),
(3, 'App\\Models\\User', 141),
(3, 'App\\Models\\User', 142),
(3, 'App\\Models\\User', 143),
(3, 'App\\Models\\User', 144),
(3, 'App\\Models\\User', 145),
(3, 'App\\Models\\User', 146),
(3, 'App\\Models\\User', 147),
(3, 'App\\Models\\User', 148),
(3, 'App\\Models\\User', 149),
(3, 'App\\Models\\User', 150),
(3, 'App\\Models\\User', 151),
(3, 'App\\Models\\User', 152),
(3, 'App\\Models\\User', 153),
(3, 'App\\Models\\User', 154),
(3, 'App\\Models\\User', 155),
(3, 'App\\Models\\User', 156),
(3, 'App\\Models\\User', 157),
(3, 'App\\Models\\User', 158),
(3, 'App\\Models\\User', 159),
(3, 'App\\Models\\User', 160),
(3, 'App\\Models\\User', 161),
(3, 'App\\Models\\User', 162),
(3, 'App\\Models\\User', 163),
(3, 'App\\Models\\User', 164),
(3, 'App\\Models\\User', 165),
(3, 'App\\Models\\User', 166),
(3, 'App\\Models\\User', 167),
(3, 'App\\Models\\User', 168),
(3, 'App\\Models\\User', 169),
(3, 'App\\Models\\User', 170),
(3, 'App\\Models\\User', 171),
(3, 'App\\Models\\User', 172),
(3, 'App\\Models\\User', 173),
(3, 'App\\Models\\User', 174),
(3, 'App\\Models\\User', 175),
(3, 'App\\Models\\User', 176),
(3, 'App\\Models\\User', 177),
(3, 'App\\Models\\User', 178),
(3, 'App\\Models\\User', 179),
(3, 'App\\Models\\User', 180),
(3, 'App\\Models\\User', 181),
(3, 'App\\Models\\User', 182),
(3, 'App\\Models\\User', 183),
(3, 'App\\Models\\User', 184),
(3, 'App\\Models\\User', 185),
(3, 'App\\Models\\User', 186),
(3, 'App\\Models\\User', 187),
(3, 'App\\Models\\User', 188),
(3, 'App\\Models\\User', 189),
(3, 'App\\Models\\User', 190),
(3, 'App\\Models\\User', 191),
(3, 'App\\Models\\User', 192),
(3, 'App\\Models\\User', 193),
(3, 'App\\Models\\User', 194),
(3, 'App\\Models\\User', 195),
(3, 'App\\Models\\User', 196),
(3, 'App\\Models\\User', 197),
(3, 'App\\Models\\User', 198),
(3, 'App\\Models\\User', 199),
(3, 'App\\Models\\User', 200),
(3, 'App\\Models\\User', 201),
(3, 'App\\Models\\User', 202),
(3, 'App\\Models\\User', 203),
(3, 'App\\Models\\User', 204),
(3, 'App\\Models\\User', 205),
(3, 'App\\Models\\User', 206),
(3, 'App\\Models\\User', 207),
(3, 'App\\Models\\User', 208),
(3, 'App\\Models\\User', 209),
(3, 'App\\Models\\User', 210),
(3, 'App\\Models\\User', 211),
(3, 'App\\Models\\User', 212),
(3, 'App\\Models\\User', 213),
(3, 'App\\Models\\User', 214),
(3, 'App\\Models\\User', 215),
(3, 'App\\Models\\User', 216),
(3, 'App\\Models\\User', 217),
(3, 'App\\Models\\User', 218),
(3, 'App\\Models\\User', 219),
(3, 'App\\Models\\User', 220),
(3, 'App\\Models\\User', 221),
(3, 'App\\Models\\User', 222),
(3, 'App\\Models\\User', 223),
(3, 'App\\Models\\User', 224),
(3, 'App\\Models\\User', 225),
(3, 'App\\Models\\User', 226),
(3, 'App\\Models\\User', 227),
(3, 'App\\Models\\User', 228),
(3, 'App\\Models\\User', 229),
(3, 'App\\Models\\User', 230),
(3, 'App\\Models\\User', 231),
(3, 'App\\Models\\User', 232),
(3, 'App\\Models\\User', 233),
(3, 'App\\Models\\User', 234),
(3, 'App\\Models\\User', 235),
(3, 'App\\Models\\User', 236),
(3, 'App\\Models\\User', 237),
(3, 'App\\Models\\User', 238),
(3, 'App\\Models\\User', 239),
(3, 'App\\Models\\User', 240),
(3, 'App\\Models\\User', 241),
(3, 'App\\Models\\User', 242),
(3, 'App\\Models\\User', 243),
(3, 'App\\Models\\User', 244),
(3, 'App\\Models\\User', 245),
(3, 'App\\Models\\User', 246),
(3, 'App\\Models\\User', 247),
(3, 'App\\Models\\User', 248),
(3, 'App\\Models\\User', 249),
(3, 'App\\Models\\User', 250),
(3, 'App\\Models\\User', 251),
(3, 'App\\Models\\User', 252),
(3, 'App\\Models\\User', 253),
(3, 'App\\Models\\User', 254),
(3, 'App\\Models\\User', 255),
(3, 'App\\Models\\User', 256),
(3, 'App\\Models\\User', 257),
(3, 'App\\Models\\User', 258),
(3, 'App\\Models\\User', 259),
(3, 'App\\Models\\User', 260),
(3, 'App\\Models\\User', 261),
(3, 'App\\Models\\User', 262),
(3, 'App\\Models\\User', 263),
(3, 'App\\Models\\User', 264),
(3, 'App\\Models\\User', 265),
(3, 'App\\Models\\User', 266),
(3, 'App\\Models\\User', 267),
(3, 'App\\Models\\User', 268),
(3, 'App\\Models\\User', 269),
(3, 'App\\Models\\User', 270),
(3, 'App\\Models\\User', 271),
(3, 'App\\Models\\User', 272),
(3, 'App\\Models\\User', 273),
(3, 'App\\Models\\User', 274),
(3, 'App\\Models\\User', 275),
(3, 'App\\Models\\User', 276),
(3, 'App\\Models\\User', 277),
(3, 'App\\Models\\User', 278),
(3, 'App\\Models\\User', 279),
(3, 'App\\Models\\User', 280),
(3, 'App\\Models\\User', 281),
(3, 'App\\Models\\User', 282),
(3, 'App\\Models\\User', 283),
(3, 'App\\Models\\User', 284),
(3, 'App\\Models\\User', 285),
(3, 'App\\Models\\User', 286),
(3, 'App\\Models\\User', 287),
(3, 'App\\Models\\User', 288),
(3, 'App\\Models\\User', 289),
(3, 'App\\Models\\User', 290),
(3, 'App\\Models\\User', 291),
(3, 'App\\Models\\User', 292),
(3, 'App\\Models\\User', 293),
(3, 'App\\Models\\User', 294),
(3, 'App\\Models\\User', 295),
(3, 'App\\Models\\User', 296),
(3, 'App\\Models\\User', 297),
(3, 'App\\Models\\User', 298),
(3, 'App\\Models\\User', 299),
(3, 'App\\Models\\User', 300),
(3, 'App\\Models\\User', 301),
(3, 'App\\Models\\User', 302),
(3, 'App\\Models\\User', 303),
(3, 'App\\Models\\User', 304),
(3, 'App\\Models\\User', 305),
(3, 'App\\Models\\User', 306),
(3, 'App\\Models\\User', 307),
(3, 'App\\Models\\User', 308),
(3, 'App\\Models\\User', 309),
(3, 'App\\Models\\User', 310),
(3, 'App\\Models\\User', 311),
(3, 'App\\Models\\User', 312),
(3, 'App\\Models\\User', 313),
(3, 'App\\Models\\User', 314),
(3, 'App\\Models\\User', 315),
(3, 'App\\Models\\User', 316),
(3, 'App\\Models\\User', 317),
(3, 'App\\Models\\User', 318),
(3, 'App\\Models\\User', 319),
(3, 'App\\Models\\User', 320),
(3, 'App\\Models\\User', 321),
(3, 'App\\Models\\User', 322),
(3, 'App\\Models\\User', 323),
(3, 'App\\Models\\User', 324),
(3, 'App\\Models\\User', 325),
(3, 'App\\Models\\User', 326),
(3, 'App\\Models\\User', 327),
(3, 'App\\Models\\User', 328),
(3, 'App\\Models\\User', 329),
(3, 'App\\Models\\User', 330),
(3, 'App\\Models\\User', 331),
(3, 'App\\Models\\User', 332),
(3, 'App\\Models\\User', 333),
(3, 'App\\Models\\User', 334),
(3, 'App\\Models\\User', 335),
(3, 'App\\Models\\User', 336),
(3, 'App\\Models\\User', 337),
(3, 'App\\Models\\User', 338),
(3, 'App\\Models\\User', 339),
(3, 'App\\Models\\User', 340),
(3, 'App\\Models\\User', 341),
(3, 'App\\Models\\User', 342),
(3, 'App\\Models\\User', 343),
(3, 'App\\Models\\User', 344),
(3, 'App\\Models\\User', 345),
(3, 'App\\Models\\User', 346),
(3, 'App\\Models\\User', 347),
(3, 'App\\Models\\User', 348),
(3, 'App\\Models\\User', 349),
(3, 'App\\Models\\User', 350),
(3, 'App\\Models\\User', 351),
(3, 'App\\Models\\User', 352),
(3, 'App\\Models\\User', 353),
(3, 'App\\Models\\User', 354),
(3, 'App\\Models\\User', 355),
(3, 'App\\Models\\User', 356),
(3, 'App\\Models\\User', 357),
(3, 'App\\Models\\User', 358),
(3, 'App\\Models\\User', 359),
(3, 'App\\Models\\User', 360),
(3, 'App\\Models\\User', 361),
(3, 'App\\Models\\User', 362),
(3, 'App\\Models\\User', 363),
(3, 'App\\Models\\User', 364),
(3, 'App\\Models\\User', 365),
(3, 'App\\Models\\User', 366),
(3, 'App\\Models\\User', 367),
(3, 'App\\Models\\User', 368),
(3, 'App\\Models\\User', 369),
(3, 'App\\Models\\User', 370),
(3, 'App\\Models\\User', 371),
(3, 'App\\Models\\User', 372),
(3, 'App\\Models\\User', 373),
(3, 'App\\Models\\User', 374),
(3, 'App\\Models\\User', 375),
(3, 'App\\Models\\User', 376),
(3, 'App\\Models\\User', 377),
(3, 'App\\Models\\User', 378),
(3, 'App\\Models\\User', 379),
(3, 'App\\Models\\User', 380),
(3, 'App\\Models\\User', 381),
(3, 'App\\Models\\User', 382),
(3, 'App\\Models\\User', 383),
(3, 'App\\Models\\User', 384),
(3, 'App\\Models\\User', 385),
(3, 'App\\Models\\User', 386),
(3, 'App\\Models\\User', 387),
(3, 'App\\Models\\User', 388),
(3, 'App\\Models\\User', 389),
(3, 'App\\Models\\User', 390),
(3, 'App\\Models\\User', 391),
(3, 'App\\Models\\User', 392),
(3, 'App\\Models\\User', 393),
(3, 'App\\Models\\User', 394),
(3, 'App\\Models\\User', 395),
(3, 'App\\Models\\User', 396),
(3, 'App\\Models\\User', 397),
(3, 'App\\Models\\User', 398),
(3, 'App\\Models\\User', 399),
(3, 'App\\Models\\User', 400),
(3, 'App\\Models\\User', 401),
(3, 'App\\Models\\User', 402),
(3, 'App\\Models\\User', 403),
(3, 'App\\Models\\User', 404),
(3, 'App\\Models\\User', 405),
(3, 'App\\Models\\User', 406),
(3, 'App\\Models\\User', 407),
(3, 'App\\Models\\User', 408),
(3, 'App\\Models\\User', 409),
(3, 'App\\Models\\User', 410),
(3, 'App\\Models\\User', 411),
(3, 'App\\Models\\User', 412),
(3, 'App\\Models\\User', 413),
(3, 'App\\Models\\User', 414),
(3, 'App\\Models\\User', 415),
(3, 'App\\Models\\User', 416),
(3, 'App\\Models\\User', 417),
(3, 'App\\Models\\User', 418),
(3, 'App\\Models\\User', 419),
(3, 'App\\Models\\User', 420),
(3, 'App\\Models\\User', 421),
(3, 'App\\Models\\User', 422),
(3, 'App\\Models\\User', 423),
(3, 'App\\Models\\User', 424),
(3, 'App\\Models\\User', 425),
(3, 'App\\Models\\User', 426),
(3, 'App\\Models\\User', 427),
(3, 'App\\Models\\User', 428),
(3, 'App\\Models\\User', 429),
(3, 'App\\Models\\User', 430),
(3, 'App\\Models\\User', 431),
(3, 'App\\Models\\User', 432),
(3, 'App\\Models\\User', 433),
(3, 'App\\Models\\User', 434),
(3, 'App\\Models\\User', 435),
(3, 'App\\Models\\User', 436),
(3, 'App\\Models\\User', 437),
(3, 'App\\Models\\User', 438),
(3, 'App\\Models\\User', 439),
(3, 'App\\Models\\User', 440),
(3, 'App\\Models\\User', 441),
(3, 'App\\Models\\User', 442),
(3, 'App\\Models\\User', 443),
(3, 'App\\Models\\User', 444),
(3, 'App\\Models\\User', 445),
(3, 'App\\Models\\User', 446),
(3, 'App\\Models\\User', 447),
(3, 'App\\Models\\User', 448),
(3, 'App\\Models\\User', 449),
(3, 'App\\Models\\User', 450),
(3, 'App\\Models\\User', 451),
(3, 'App\\Models\\User', 452),
(3, 'App\\Models\\User', 453),
(3, 'App\\Models\\User', 454),
(3, 'App\\Models\\User', 455),
(3, 'App\\Models\\User', 456),
(3, 'App\\Models\\User', 457),
(3, 'App\\Models\\User', 458),
(3, 'App\\Models\\User', 459),
(3, 'App\\Models\\User', 460),
(3, 'App\\Models\\User', 461),
(3, 'App\\Models\\User', 462),
(3, 'App\\Models\\User', 463),
(3, 'App\\Models\\User', 464),
(3, 'App\\Models\\User', 465),
(3, 'App\\Models\\User', 466),
(3, 'App\\Models\\User', 467),
(3, 'App\\Models\\User', 468),
(3, 'App\\Models\\User', 469),
(3, 'App\\Models\\User', 470),
(3, 'App\\Models\\User', 471),
(3, 'App\\Models\\User', 472),
(3, 'App\\Models\\User', 473),
(3, 'App\\Models\\User', 474),
(3, 'App\\Models\\User', 475),
(3, 'App\\Models\\User', 476),
(3, 'App\\Models\\User', 477),
(3, 'App\\Models\\User', 478),
(3, 'App\\Models\\User', 479),
(3, 'App\\Models\\User', 480),
(3, 'App\\Models\\User', 481),
(3, 'App\\Models\\User', 482),
(3, 'App\\Models\\User', 483),
(3, 'App\\Models\\User', 484),
(3, 'App\\Models\\User', 485),
(3, 'App\\Models\\User', 486),
(3, 'App\\Models\\User', 487),
(3, 'App\\Models\\User', 488),
(3, 'App\\Models\\User', 489),
(3, 'App\\Models\\User', 490),
(3, 'App\\Models\\User', 491),
(3, 'App\\Models\\User', 492),
(3, 'App\\Models\\User', 493),
(3, 'App\\Models\\User', 494),
(3, 'App\\Models\\User', 495),
(3, 'App\\Models\\User', 496),
(3, 'App\\Models\\User', 497),
(3, 'App\\Models\\User', 498),
(3, 'App\\Models\\User', 499),
(3, 'App\\Models\\User', 500),
(3, 'App\\Models\\User', 501),
(3, 'App\\Models\\User', 502),
(3, 'App\\Models\\User', 503),
(3, 'App\\Models\\User', 504),
(3, 'App\\Models\\User', 505),
(3, 'App\\Models\\User', 506),
(3, 'App\\Models\\User', 507);

-- --------------------------------------------------------

--
-- Table structure for table `password_resets`
--

CREATE TABLE `password_resets` (
  `email` varchar(255) NOT NULL,
  `token` varchar(255) NOT NULL,
  `created_at` timestamp NULL DEFAULT NULL
) ENGINE=InnoDB DEFAULT CHARSET=utf8mb4 COLLATE=utf8mb4_unicode_ci;

--
-- Dumping data for table `password_resets`
--

INSERT INTO `password_resets` (`email`, `token`, `created_at`) VALUES
('ivan@gmail.com', '$2y$10$VJxGjykBs9AB5oQZf8yw1eFJujnyds0hhbAUsZi2Q7KI.Z6FDf3ya', '2024-01-07 05:12:25');

-- --------------------------------------------------------

--
-- Table structure for table `peminjaman`
--

CREATE TABLE `peminjaman` (
  `id` bigint(20) UNSIGNED NOT NULL,
  `kode_pinjam` varchar(255) NOT NULL,
  `peminjam_id` bigint(20) UNSIGNED NOT NULL,
  `petugas_pinjam` bigint(20) UNSIGNED DEFAULT NULL,
  `petugas_kembali` bigint(20) UNSIGNED DEFAULT NULL,
  `status` int(11) NOT NULL,
  `denda` int(11) DEFAULT NULL,
  `tanggal_pinjam` date DEFAULT NULL,
  `tanggal_kembali` date DEFAULT NULL,
  `tanggal_pengembalian` date DEFAULT NULL,
  `created_at` timestamp NULL DEFAULT NULL,
  `updated_at` timestamp NULL DEFAULT NULL
) ENGINE=InnoDB DEFAULT CHARSET=utf8mb4 COLLATE=utf8mb4_unicode_ci;

--
-- Dumping data for table `peminjaman`
--

INSERT INTO `peminjaman` (`id`, `kode_pinjam`, `peminjam_id`, `petugas_pinjam`, `petugas_kembali`, `status`, `denda`, `tanggal_pinjam`, `tanggal_kembali`, `tanggal_pengembalian`, `created_at`, `updated_at`) VALUES
(1, '443201434', 3, 1, 1, 3, 0, '2023-12-16', '2023-12-26', '2023-12-25', '2024-01-05 03:10:39', '2024-01-05 03:10:39'),
(2, '265177091', 3, 2, 1, 3, 0, '2024-01-05', '2024-01-15', '2024-01-07', '2024-01-05 03:10:39', '2024-01-07 05:08:56'),
(501, '742856315', 502, 1, 1, 3, 0, '2023-12-20', '2023-12-30', '2023-12-29', '2024-01-05 03:11:10', '2024-01-05 03:11:10'),
(502, '497027838', 503, 2, 2, 3, 0, '2023-11-19', '2023-11-29', '2023-11-28', '2024-01-05 03:11:10', '2024-01-05 03:11:10'),
(503, '934775742', 504, 1, 2, 3, 0, '2023-08-05', '2023-08-15', '2023-08-14', '2024-01-05 03:11:10', '2024-01-05 03:11:10'),
(504, '803024486', 505, 1, 1, 3, 0, '2023-10-27', '2023-11-06', '2023-11-05', '2024-01-05 03:11:10', '2024-01-05 03:11:10'),
(505, '127462770', 506, NULL, NULL, 0, NULL, NULL, NULL, NULL, '2024-01-07 04:58:43', '2024-01-07 04:58:43'),
(506, '745917582', 507, NULL, NULL, 0, NULL, NULL, NULL, NULL, '2024-01-07 05:16:09', '2024-01-07 05:16:09');

-- --------------------------------------------------------

--
-- Table structure for table `penerbit`
--

CREATE TABLE `penerbit` (
  `id` bigint(20) UNSIGNED NOT NULL,
  `nama` varchar(255) NOT NULL,
  `slug` varchar(255) NOT NULL,
  `created_at` timestamp NULL DEFAULT NULL,
  `updated_at` timestamp NULL DEFAULT NULL
) ENGINE=InnoDB DEFAULT CHARSET=utf8mb4 COLLATE=utf8mb4_unicode_ci;

--
-- Dumping data for table `penerbit`
--

INSERT INTO `penerbit` (`id`, `nama`, `slug`, `created_at`, `updated_at`) VALUES
(1, 'None', 'none', '2024-01-05 03:10:39', '2024-01-05 03:10:39'),
(2, 'Gramedia', 'gramedia', '2024-01-05 03:10:39', '2024-01-05 03:10:39'),
(3, 'Erlangga', 'erlangga', '2024-01-05 03:10:39', '2024-01-05 03:10:39');

-- --------------------------------------------------------

--
-- Table structure for table `permissions`
--

CREATE TABLE `permissions` (
  `id` bigint(20) UNSIGNED NOT NULL,
  `name` varchar(255) NOT NULL,
  `guard_name` varchar(255) NOT NULL,
  `created_at` timestamp NULL DEFAULT NULL,
  `updated_at` timestamp NULL DEFAULT NULL
) ENGINE=InnoDB DEFAULT CHARSET=utf8mb4 COLLATE=utf8mb4_unicode_ci;

-- --------------------------------------------------------

--
-- Table structure for table `rak`
--

CREATE TABLE `rak` (
  `id` bigint(20) UNSIGNED NOT NULL,
  `rak` varchar(255) NOT NULL,
  `baris` varchar(255) NOT NULL,
  `slug` varchar(255) NOT NULL,
  `kategori_id` bigint(20) UNSIGNED NOT NULL,
  `created_at` timestamp NULL DEFAULT NULL,
  `updated_at` timestamp NULL DEFAULT NULL
) ENGINE=InnoDB DEFAULT CHARSET=utf8mb4 COLLATE=utf8mb4_unicode_ci;

--
-- Dumping data for table `rak`
--

INSERT INTO `rak` (`id`, `rak`, `baris`, `slug`, `kategori_id`, `created_at`, `updated_at`) VALUES
(1, '0', '0', '0', 1, '2024-01-05 03:10:39', '2024-01-05 03:10:39'),
(2, '1', '1', '1-1', 2, '2024-01-05 03:10:39', '2024-01-05 03:10:39'),
(3, '1', '2', '1-2', 2, '2024-01-05 03:10:39', '2024-01-05 03:10:39'),
(4, '1', '3', '1-3', 2, '2024-01-05 03:10:39', '2024-01-05 03:10:39'),
(5, '1', '4', '1-4', 2, '2024-01-05 03:10:39', '2024-01-05 03:10:39'),
(6, '1', '5', '1-5', 2, '2024-01-05 03:10:39', '2024-01-05 03:10:39'),
(7, '2', '1', '2-1', 3, '2024-01-05 03:10:39', '2024-01-05 03:10:39'),
(8, '2', '2', '2-2', 3, '2024-01-05 03:10:39', '2024-01-05 03:10:39'),
(9, '2', '3', '2-3', 3, '2024-01-05 03:10:39', '2024-01-05 03:10:39'),
(10, '2', '4', '2-4', 3, '2024-01-05 03:10:39', '2024-01-05 03:10:39'),
(11, '2', '5', '2-5', 3, '2024-01-05 03:10:39', '2024-01-05 03:10:39'),
(12, '3', '1', '3-1', 6, '2024-01-05 03:10:39', '2024-01-05 03:10:39'),
(13, '3', '2', '3-2', 6, '2024-01-05 03:10:39', '2024-01-05 03:10:39'),
(14, '3', '3', '3-3', 6, '2024-01-05 03:10:39', '2024-01-05 03:10:39'),
(15, '3', '4', '3-4', 6, '2024-01-05 03:10:39', '2024-01-05 03:10:39'),
(16, '3', '5', '3-5', 6, '2024-01-05 03:10:39', '2024-01-05 03:10:39');

-- --------------------------------------------------------

--
-- Table structure for table `roles`
--

CREATE TABLE `roles` (
  `id` bigint(20) UNSIGNED NOT NULL,
  `name` varchar(255) NOT NULL,
  `guard_name` varchar(255) NOT NULL,
  `created_at` timestamp NULL DEFAULT NULL,
  `updated_at` timestamp NULL DEFAULT NULL
) ENGINE=InnoDB DEFAULT CHARSET=utf8mb4 COLLATE=utf8mb4_unicode_ci;

--
-- Dumping data for table `roles`
--

INSERT INTO `roles` (`id`, `name`, `guard_name`, `created_at`, `updated_at`) VALUES
(1, 'admin', 'web', '2024-01-05 03:10:39', '2024-01-05 03:10:39'),
(2, 'petugas', 'web', '2024-01-05 03:10:39', '2024-01-05 03:10:39'),
(3, 'peminjam', 'web', '2024-01-05 03:10:39', '2024-01-05 03:10:39');

-- --------------------------------------------------------

--
-- Table structure for table `role_has_permissions`
--

CREATE TABLE `role_has_permissions` (
  `permission_id` bigint(20) UNSIGNED NOT NULL,
  `role_id` bigint(20) UNSIGNED NOT NULL
) ENGINE=InnoDB DEFAULT CHARSET=utf8mb4 COLLATE=utf8mb4_unicode_ci;

-- --------------------------------------------------------

--
-- Table structure for table `users`
--

CREATE TABLE `users` (
  `id` bigint(20) UNSIGNED NOT NULL,
  `name` varchar(255) NOT NULL,
  `email` varchar(255) NOT NULL,
  `email_verified_at` timestamp NULL DEFAULT NULL,
  `password` varchar(255) NOT NULL,
  `remember_token` varchar(100) DEFAULT NULL,
  `created_at` timestamp NULL DEFAULT NULL,
  `updated_at` timestamp NULL DEFAULT NULL
) ENGINE=InnoDB DEFAULT CHARSET=utf8mb4 COLLATE=utf8mb4_unicode_ci;

--
-- Dumping data for table `users`
--

INSERT INTO `users` (`id`, `name`, `email`, `email_verified_at`, `password`, `remember_token`, `created_at`, `updated_at`) VALUES
(1, 'Admin', 'admin@gmail.com', '2024-01-05 03:10:39', '$2y$10$v91wPwdpGPiY9BDLRm3FOew6IrE7rys3P8A.z2mdsQoZRowjNqo22', NULL, '2024-01-05 03:10:39', '2024-01-05 03:10:39'),
(2, 'Petugas', 'petugas@gmail.com', '2024-01-05 03:10:39', '$2y$10$ywhqWuWMZjTIbagKOKXrh.aOQvquIALy8zzcc80gxRtnkfxVIlLXW', NULL, '2024-01-05 03:10:39', '2024-01-05 03:10:39'),
(3, 'Peminjam', 'peminjam@gmail.com', '2024-01-05 03:10:39', '$2y$10$xW.Mcl3s4QiMaZ4XhrxeWeiU2e2NWT0v7jtId1MLk95vC728u18PC', NULL, '2024-01-05 03:10:39', '2024-01-05 03:10:39'),
(506, 'Ivan', 'ivan@gmail.com', NULL, '$2y$10$aLB8MLWHTrW9f3uWhRWQdOE6MmlE7qdbOhNXUGOF.oja0dUB1AuKu', NULL, '2024-01-07 04:57:49', '2024-01-07 04:57:49'),
(507, 'Freddy', 'freddy@gmail.com', NULL, '$2y$10$AU1.bbnZcwlijx6KGsUx9uO3pqevVuapLCc1.JAUaJS1oZEzWdbSK', NULL, '2024-01-07 05:15:58', '2024-01-07 05:15:58');

--
-- Indexes for dumped tables
--

--
-- Indexes for table `buku`
--
ALTER TABLE `buku`
  ADD PRIMARY KEY (`id`);

--
-- Indexes for table `detail_peminjaman`
--
ALTER TABLE `detail_peminjaman`
  ADD PRIMARY KEY (`id`);

--
-- Indexes for table `failed_jobs`
--
ALTER TABLE `failed_jobs`
  ADD PRIMARY KEY (`id`),
  ADD UNIQUE KEY `failed_jobs_uuid_unique` (`uuid`);

--
-- Indexes for table `kategori`
--
ALTER TABLE `kategori`
  ADD PRIMARY KEY (`id`);

--
-- Indexes for table `migrations`
--
ALTER TABLE `migrations`
  ADD PRIMARY KEY (`id`);

--
-- Indexes for table `model_has_permissions`
--
ALTER TABLE `model_has_permissions`
  ADD PRIMARY KEY (`permission_id`,`model_id`,`model_type`),
  ADD KEY `model_has_permissions_model_id_model_type_index` (`model_id`,`model_type`);

--
-- Indexes for table `model_has_roles`
--
ALTER TABLE `model_has_roles`
  ADD PRIMARY KEY (`role_id`,`model_id`,`model_type`),
  ADD KEY `model_has_roles_model_id_model_type_index` (`model_id`,`model_type`);

--
-- Indexes for table `password_resets`
--
ALTER TABLE `password_resets`
  ADD KEY `password_resets_email_index` (`email`);

--
-- Indexes for table `peminjaman`
--
ALTER TABLE `peminjaman`
  ADD PRIMARY KEY (`id`);

--
-- Indexes for table `penerbit`
--
ALTER TABLE `penerbit`
  ADD PRIMARY KEY (`id`);

--
-- Indexes for table `permissions`
--
ALTER TABLE `permissions`
  ADD PRIMARY KEY (`id`),
  ADD UNIQUE KEY `permissions_name_guard_name_unique` (`name`,`guard_name`);

--
-- Indexes for table `rak`
--
ALTER TABLE `rak`
  ADD PRIMARY KEY (`id`);

--
-- Indexes for table `roles`
--
ALTER TABLE `roles`
  ADD PRIMARY KEY (`id`),
  ADD UNIQUE KEY `roles_name_guard_name_unique` (`name`,`guard_name`);

--
-- Indexes for table `role_has_permissions`
--
ALTER TABLE `role_has_permissions`
  ADD PRIMARY KEY (`permission_id`,`role_id`),
  ADD KEY `role_has_permissions_role_id_foreign` (`role_id`);

--
-- Indexes for table `users`
--
ALTER TABLE `users`
  ADD PRIMARY KEY (`id`),
  ADD UNIQUE KEY `users_email_unique` (`email`);

--
-- AUTO_INCREMENT for dumped tables
--

--
-- AUTO_INCREMENT for table `buku`
--
ALTER TABLE `buku`
  MODIFY `id` bigint(20) UNSIGNED NOT NULL AUTO_INCREMENT, AUTO_INCREMENT=8;

--
-- AUTO_INCREMENT for table `detail_peminjaman`
--
ALTER TABLE `detail_peminjaman`
  MODIFY `id` bigint(20) UNSIGNED NOT NULL AUTO_INCREMENT, AUTO_INCREMENT=512;

--
-- AUTO_INCREMENT for table `failed_jobs`
--
ALTER TABLE `failed_jobs`
  MODIFY `id` bigint(20) UNSIGNED NOT NULL AUTO_INCREMENT;

--
-- AUTO_INCREMENT for table `kategori`
--
ALTER TABLE `kategori`
  MODIFY `id` bigint(20) UNSIGNED NOT NULL AUTO_INCREMENT, AUTO_INCREMENT=7;

--
-- AUTO_INCREMENT for table `migrations`
--
ALTER TABLE `migrations`
  MODIFY `id` int(10) UNSIGNED NOT NULL AUTO_INCREMENT, AUTO_INCREMENT=11;

--
-- AUTO_INCREMENT for table `peminjaman`
--
ALTER TABLE `peminjaman`
  MODIFY `id` bigint(20) UNSIGNED NOT NULL AUTO_INCREMENT, AUTO_INCREMENT=507;

--
-- AUTO_INCREMENT for table `penerbit`
--
ALTER TABLE `penerbit`
  MODIFY `id` bigint(20) UNSIGNED NOT NULL AUTO_INCREMENT, AUTO_INCREMENT=4;

--
-- AUTO_INCREMENT for table `permissions`
--
ALTER TABLE `permissions`
  MODIFY `id` bigint(20) UNSIGNED NOT NULL AUTO_INCREMENT;

--
-- AUTO_INCREMENT for table `rak`
--
ALTER TABLE `rak`
  MODIFY `id` bigint(20) UNSIGNED NOT NULL AUTO_INCREMENT, AUTO_INCREMENT=17;

--
-- AUTO_INCREMENT for table `roles`
--
ALTER TABLE `roles`
  MODIFY `id` bigint(20) UNSIGNED NOT NULL AUTO_INCREMENT, AUTO_INCREMENT=4;

--
-- AUTO_INCREMENT for table `users`
--
ALTER TABLE `users`
  MODIFY `id` bigint(20) UNSIGNED NOT NULL AUTO_INCREMENT, AUTO_INCREMENT=508;

--
-- Constraints for dumped tables
--

--
-- Constraints for table `model_has_permissions`
--
ALTER TABLE `model_has_permissions`
  ADD CONSTRAINT `model_has_permissions_permission_id_foreign` FOREIGN KEY (`permission_id`) REFERENCES `permissions` (`id`) ON DELETE CASCADE;

--
-- Constraints for table `model_has_roles`
--
ALTER TABLE `model_has_roles`
  ADD CONSTRAINT `model_has_roles_role_id_foreign` FOREIGN KEY (`role_id`) REFERENCES `roles` (`id`) ON DELETE CASCADE;

--
-- Constraints for table `role_has_permissions`
--
ALTER TABLE `role_has_permissions`
  ADD CONSTRAINT `role_has_permissions_permission_id_foreign` FOREIGN KEY (`permission_id`) REFERENCES `permissions` (`id`) ON DELETE CASCADE,
  ADD CONSTRAINT `role_has_permissions_role_id_foreign` FOREIGN KEY (`role_id`) REFERENCES `roles` (`id`) ON DELETE CASCADE;
COMMIT;

/*!40101 SET CHARACTER_SET_CLIENT=@OLD_CHARACTER_SET_CLIENT */;
/*!40101 SET CHARACTER_SET_RESULTS=@OLD_CHARACTER_SET_RESULTS */;
/*!40101 SET COLLATION_CONNECTION=@OLD_COLLATION_CONNECTION */;
